,names,ids,images_url
0,!Anyway!,866510,https://cdn.cloudflare.steamstatic.com/steamcommunity/public/images/apps/866510/7cf8f282dabdd1f7f33a02653f877551632e6ecd.jpg
1,#monstercakes,614910,https://cdn.cloudflare.steamstatic.com/steamcommunity/public/images/apps/614910/c6f1651397f184591392261660b11ac2aa03d694.jpg
2,- Arcane Raise -,603750,https://cdn.cloudflare.steamstatic.com/steamcommunity/public/images/apps/603750/266252d6977c2607d9aa4b712937e97d1eb3afec.jpg
3,100% Orange Juice,282800,https://cdn.cloudflare.steamstatic.com/steamcommunity/public/images/apps/282800/baaf4be38deeb8a631567ee6c651ca23b65c834a.jpg
4,A Hat in Time,253230,https://cdn.cloudflare.steamstatic.com/steamcommunity/public/images/apps/253230/7b934282eeb45507669ed7c08378c51bb902721f.jpg
5,Achievement Smiles,842130,https://cdn.cloudflare.steamstatic.com/steamcommunity/public/images/apps/842130/2d6fe1a92f5a0c0250209f8ae2d4d213775344e6.jpg
6,American Truck Simulator,270880,https://cdn.cloudflare.steamstatic.com/steamcommunity/public/images/apps/270880/2aec8af4b4b23cb6054d9aea06194621cdd66945.jpg
7,Andarilho,450860,https://cdn.cloudflare.steamstatic.com/steamcommunity/public/images/apps/450860/f256696001abe2e15d23f6e73f2e6cbe6ee2648d.jpg
8,Argo,530700,https://cdn.cloudflare.steamstatic.com/steamcommunity/public/images/apps/530700/b827f64552754338bd272d6d2095714d77fa15cb.jpg
9,Armello,290340,https://cdn.cloudflare.steamstatic.com/steamcommunity/public/images/apps/290340/1eb84eb6e2f5e611c16e13b380b38d15cbfcabd1.jpg
10,Artifact Classic,583950,https://cdn.cloudflare.steamstatic.com/steamcommunity/public/images/apps/583950/dee44586fb8e07add8b86bfb59c958071d08b0e2.jpg
11,Avalom: Ancestral Heroes,1448230,https://cdn.cloudflare.steamstatic.com/steamcommunity/public/images/apps/1448230/c2f251907f4a306396e5ac49e2933a33577687ad.jpg
12,Awesome Metal Detecting,582810,https://cdn.cloudflare.steamstatic.com/steamcommunity/public/images/apps/582810/b4f98ca7f277badd0e21002b0aed05e019d92a59.jpg
13,BATTALION: Legacy,489940,https://cdn.cloudflare.steamstatic.com/steamcommunity/public/images/apps/489940/56876299e611314a6e0857e3996ba1c204b24249.jpg
14,BLOCKPOST,706990,https://cdn.cloudflare.steamstatic.com/steamcommunity/public/images/apps/706990/84e0869208df5df1d65605ebb5bb0b95d6f2d596.jpg
15,Ballads of Hongye,1723560,https://cdn.cloudflare.steamstatic.com/steamcommunity/public/images/apps/1723560/00ebbf086ea6ea3f31cc752c353c87e2b3aead3e.jpg
16,Ballistic Overkill,296300,https://cdn.cloudflare.steamstatic.com/steamcommunity/public/images/apps/296300/3dfbac7f837c33c2807d5631eaa7215d3b0bc600.jpg
17,Barro,618140,https://cdn.cloudflare.steamstatic.com/steamcommunity/public/images/apps/618140/d096b0cbb1a0121d28d6224f4ae32816cd53eb29.jpg
18,BattleBlock Theater,238460,https://cdn.cloudflare.steamstatic.com/steamcommunity/public/images/apps/238460/2f258aaff583d797812cdcf24830d5992f48733b.jpg
19,Be Quiet!,650580,https://cdn.cloudflare.steamstatic.com/steamcommunity/public/images/apps/650580/2048e662788cc7c4a80f3f3273df3bfe7bba9888.jpg
20,Beat Aim,1142220,https://cdn.cloudflare.steamstatic.com/steamcommunity/public/images/apps/1142220/281dba76d71ccf8b51a4ce7444c40ba9a838c350.jpg
21,Black Squad,550650,https://cdn.cloudflare.steamstatic.com/steamcommunity/public/images/apps/550650/213a736d8c5b75998b671de25e6621d1e7bc122a.jpg
22,Blade Symphony,225600,https://cdn.cloudflare.steamstatic.com/steamcommunity/public/images/apps/225600/808b009cee829b5b77f05c5bb4ae0099df728da7.jpg
23,Blood Feed,575950,https://cdn.cloudflare.steamstatic.com/steamcommunity/public/images/apps/575950/36238b10e7ccd1b73cab38a8f7f098de0fa81be2.jpg
24,Bloody Glimpse,709840,https://cdn.cloudflare.steamstatic.com/steamcommunity/public/images/apps/709840/1b2300eaf5c6224fbe1a8fd6be08a68e6caa1277.jpg
25,Bloody Walls,531960,https://cdn.cloudflare.steamstatic.com/steamcommunity/public/images/apps/531960/ee9c659d9f3b613d8cd768b123665193cbaac7c8.jpg
26,Boreal Blade,598780,https://cdn.cloudflare.steamstatic.com/steamcommunity/public/images/apps/598780/2e8c6237c614e3d54e44bedcc1757d933244f0cc.jpg
27,Brawl of Ages,529840,https://cdn.cloudflare.steamstatic.com/steamcommunity/public/images/apps/529840/f870b788f012ec58d215cfebaca625215982e6ee.jpg
28,Bunny Hop League,429780,https://cdn.cloudflare.steamstatic.com/steamcommunity/public/images/apps/429780/8fd90e2353c1dd4c3da85e20db3515607d139b45.jpg
29,Burst Into,829080,https://cdn.cloudflare.steamstatic.com/steamcommunity/public/images/apps/829080/b59c2677ef594b771babf2e00e011337515b8e73.jpg
30,Burst The Game,615050,https://cdn.cloudflare.steamstatic.com/steamcommunity/public/images/apps/615050/4d475b7f54a427ee149b4c8e9cdffb1eedd4c13b.jpg
31,Business Tour - Online Multiplayer Board Game,397900,https://cdn.cloudflare.steamstatic.com/steamcommunity/public/images/apps/397900/b6ce52a576e99f54c5d18f675540b9c3ee70ed47.jpg
32,CASE 2: Animatronics Survival,722960,https://cdn.cloudflare.steamstatic.com/steamcommunity/public/images/apps/722960/8bfc551d102a79f60b1429a84c27574e1d24da58.jpg
33,Call to Arms,302670,https://cdn.cloudflare.steamstatic.com/steamcommunity/public/images/apps/302670/fa5660b5faf34a918f24c076f839357023a1deb8.jpg
34,Capsa,588120,https://cdn.cloudflare.steamstatic.com/steamcommunity/public/images/apps/588120/d75f5a6c0eb60a65b04a2d979af16c07d20b7224.jpg
35,Cats Hidden in Paris,2313250,https://cdn.cloudflare.steamstatic.com/steamcommunity/public/images/apps/2313250/2fca05189f6299dc7cc1f9a3d80a942971c1cf19.jpg
36,Children of Orc,544840,https://cdn.cloudflare.steamstatic.com/steamcommunity/public/images/apps/544840/f298f983e793d984615a23e843c7f82e51c381dd.jpg
37,Clatter,602770,https://cdn.cloudflare.steamstatic.com/steamcommunity/public/images/apps/602770/2f0fa06ff909c57540777ed7a7e6854ddbc2f571.jpg
38,Comedy Night,665360,https://cdn.cloudflare.steamstatic.com/steamcommunity/public/images/apps/665360/adeee993be9886ca04225bbd04e5d296597d2698.jpg
39,Counter-Strike 2,730,https://cdn.cloudflare.steamstatic.com/steamcommunity/public/images/apps/730/8dbc71957312bbd3baea65848b545be9eae2a355.jpg
40,CounterAttack,451600,https://cdn.cloudflare.steamstatic.com/steamcommunity/public/images/apps/451600/14712f46f30505fe3ad81f942eb64adf7fed857c.jpg
41,Crab Game,1782210,https://cdn.cloudflare.steamstatic.com/steamcommunity/public/images/apps/1782210/e1afdaf96f55771d1d5ea4c9692d0f707ab0110b.jpg
42,Darts and Friends,832680,https://cdn.cloudflare.steamstatic.com/steamcommunity/public/images/apps/832680/fc4cb44637ab3be6c28fb09cf78c06132445b748.jpg
43,Day of Infamy,447820,https://cdn.cloudflare.steamstatic.com/steamcommunity/public/images/apps/447820/e28d7cd84bd3d535a7cac4f2d5faa7b10f6a05ba.jpg
44,DeDrive,672490,https://cdn.cloudflare.steamstatic.com/steamcommunity/public/images/apps/672490/7e3186a5955fa72ad791f653993a727ebc61b659.jpg
45,Death Runner,665550,https://cdn.cloudflare.steamstatic.com/steamcommunity/public/images/apps/665550/b3e63a29571b5177d850c4852c73a4377d32d760.jpg
46,Defense Clicker,707590,https://cdn.cloudflare.steamstatic.com/steamcommunity/public/images/apps/707590/0a2d21423d66e1f9db27897dc997a1e3dd77fcbd.jpg
47,Depth,274940,https://cdn.cloudflare.steamstatic.com/steamcommunity/public/images/apps/274940/0c711a26af920e93af7cf0fc797fbb200367105e.jpg
48,Desert Strait: Operation Online,684130,https://cdn.cloudflare.steamstatic.com/steamcommunity/public/images/apps/684130/70adce32ca907edcffa2bf9a2aa496f345ccd3f9.jpg
49,Died Of Fear,663920,https://cdn.cloudflare.steamstatic.com/steamcommunity/public/images/apps/663920/cb903ab823a73c680ef4cd0f723cf852456c8c27.jpg
50,DiggerOnline,278970,https://cdn.cloudflare.steamstatic.com/steamcommunity/public/images/apps/278970/3b736ea88dec4bc04326192c7516619f7320f415.jpg
51,Dinosaur Forest,506730,https://cdn.cloudflare.steamstatic.com/steamcommunity/public/images/apps/506730/b70067f577b005ee5c814440fe6439b7d27cae5a.jpg
52,Dinosaur Hunt,401190,https://cdn.cloudflare.steamstatic.com/steamcommunity/public/images/apps/401190/c2a483224906b5f8aad8a46529304a8f6047607b.jpg
53,Don't Starve Together,322330,https://cdn.cloudflare.steamstatic.com/steamcommunity/public/images/apps/322330/a80aa6cff8eebc1cbc18c367d9ab063e1553b0ee.jpg
54,Dota 2,570,https://cdn.cloudflare.steamstatic.com/steamcommunity/public/images/apps/570/0bbb630d63262dd66d2fdd0f7d37e8661a410075.jpg
55,Drunken Wrestlers 2,667530,https://cdn.cloudflare.steamstatic.com/steamcommunity/public/images/apps/667530/6da15813e889c58a020544700f417f993fff5261.jpg
56,Emily is Away,417860,https://cdn.cloudflare.steamstatic.com/steamcommunity/public/images/apps/417860/51909ffd578abe91b984f60c9cfe90ec74845608.jpg
57,Empires Apart,530630,https://cdn.cloudflare.steamstatic.com/steamcommunity/public/images/apps/530630/28e6122b5b5b795eac57ead9c04283db416caafc.jpg
58,Epic Royal,744760,https://cdn.cloudflare.steamstatic.com/steamcommunity/public/images/apps/744760/d8513429e2c1910cad22e986d162c42954c317e8.jpg
59,Euro Truck Simulator 2,227300,https://cdn.cloudflare.steamstatic.com/steamcommunity/public/images/apps/227300/adc18a4fc9adc0330144b76d61cbda68bb2394a0.jpg
60,Exit From,1092140,https://cdn.cloudflare.steamstatic.com/steamcommunity/public/images/apps/1092140/79f624c960980d12a0d578d241bef8c9c55c677b.jpg
61,FLYVALNY 20!8,800280,https://cdn.cloudflare.steamstatic.com/steamcommunity/public/images/apps/800280/b3d64b49877f5dabb2fed2247d7838403ed69131.jpg
62,Flying Pengy,519870,https://cdn.cloudflare.steamstatic.com/steamcommunity/public/images/apps/519870/a13fc1f783f85405c0a25e3352a05d29d166b08d.jpg
63,Forgotten Lore,391240,https://cdn.cloudflare.steamstatic.com/steamcommunity/public/images/apps/391240/46a382857c4a35abc7e11ffb685b552892476927.jpg
64,FreeCell Quest,364640,https://cdn.cloudflare.steamstatic.com/steamcommunity/public/images/apps/364640/42899074f9b5e95c0ecc867af65db80c692f714e.jpg
65,Fruit Ninja VR,486780,https://cdn.cloudflare.steamstatic.com/steamcommunity/public/images/apps/486780/046e92273a283db5124b88b2758f2fedb775bfcc.jpg
66,Gem Forge,546170,https://cdn.cloudflare.steamstatic.com/steamcommunity/public/images/apps/546170/f1ac176f2947baad574ea342dcd031902595be08.jpg
67,Golf Around!,1086410,https://cdn.cloudflare.steamstatic.com/steamcommunity/public/images/apps/1086410/437a798f2051b748fed81921b2916af73b73f08c.jpg
68,Golf It!,571740,https://cdn.cloudflare.steamstatic.com/steamcommunity/public/images/apps/571740/70b58cf94333587a69cf93c7e4a4241500928251.jpg
69,Golf With Your Friends,431240,https://cdn.cloudflare.steamstatic.com/steamcommunity/public/images/apps/431240/c6379c8ec66ac02565f1155bf3821b846164d93c.jpg
70,"Gremlins, Inc.",369990,https://cdn.cloudflare.steamstatic.com/steamcommunity/public/images/apps/369990/b09c60a3c63c5feb3a683510883416d9301a6a5b.jpg
71,HALF DEAD 2,914260,https://cdn.cloudflare.steamstatic.com/steamcommunity/public/images/apps/914260/55364aa297fee7c4786d255817479dd820d338b3.jpg
72,HALF DEAD 3,1520380,https://cdn.cloudflare.steamstatic.com/steamcommunity/public/images/apps/1520380/140c10541e2a17d373bb4d0115302db2ae44dc41.jpg
73,HUNGER,581740,https://cdn.cloudflare.steamstatic.com/steamcommunity/public/images/apps/581740/5502e25ca03a316105e141b9efadaebeceb231dc.jpg
74,Half-Life: C.A.G.E.D.,679990,https://cdn.cloudflare.steamstatic.com/steamcommunity/public/images/apps/679990/e02e574dade2fcdd3082d3c2c3741d4ab056b31a.jpg
75,Heliborne Collection,433530,https://cdn.cloudflare.steamstatic.com/steamcommunity/public/images/apps/433530/3a1f3cea21f41f3dba8a518f8576b88892bd8a45.jpg
76,Hero Siege,269210,https://cdn.cloudflare.steamstatic.com/steamcommunity/public/images/apps/269210/c787f8aa68ebb1426c5a9633b7609d7e849c1bc2.jpg
77,Heroine's Quest: The Herald of Ragnarok,283880,https://cdn.cloudflare.steamstatic.com/steamcommunity/public/images/apps/283880/52a9bccc58327675196bbf3b15dbbb3a5840a663.jpg
78,Hired Ops,374280,https://cdn.cloudflare.steamstatic.com/steamcommunity/public/images/apps/374280/9b75f63571655cdb3d849856259d38e97bdb4b66.jpg
79,Holopoint,457960,https://cdn.cloudflare.steamstatic.com/steamcommunity/public/images/apps/457960/9cff8bb1dbb3601d732d82f22d257bb51b19675e.jpg
80,I was rebuilt,560080,https://cdn.cloudflare.steamstatic.com/steamcommunity/public/images/apps/560080/1863f79ecee8684bd13803201469429fc0f7aaee.jpg
81,Immune,348670,https://cdn.cloudflare.steamstatic.com/steamcommunity/public/images/apps/348670/bb22d60b0934a8c810781f8a60cbd5bf83e15a9d.jpg
82,Interstellar Rift,363360,https://cdn.cloudflare.steamstatic.com/steamcommunity/public/images/apps/363360/ff551d68002a67543bfc6943f436f7ace42c21db.jpg
83,Intralism,513510,https://cdn.cloudflare.steamstatic.com/steamcommunity/public/images/apps/513510/3f94582f921c9f738d6b9089ac11c8b349afd1d8.jpg
84,Intruder,518150,https://cdn.cloudflare.steamstatic.com/steamcommunity/public/images/apps/518150/d559137b4b294cf50053ecd5efb7a467754677d8.jpg
85,Islands of Nyne: Battle Royale,728540,https://cdn.cloudflare.steamstatic.com/steamcommunity/public/images/apps/728540/5241c9e29d6cb7876627e596e7ac79cbef6f5ac0.jpg
86,Kawaii Neko Girls,1628760,https://cdn.cloudflare.steamstatic.com/steamcommunity/public/images/apps/1628760/f84eebd0e3c337eee3e1cc3470600e3f03533f86.jpg
87,Killing Floor 2,232090,https://cdn.cloudflare.steamstatic.com/steamcommunity/public/images/apps/232090/15837cefb378766e9916548f8591b6eb490b9e52.jpg
88,Knights Hunt,724430,https://cdn.cloudflare.steamstatic.com/steamcommunity/public/images/apps/724430/01a6effff7dbc0fbb1e10c428a2e0a998f6c0314.jpg
89,KurtzPel,844870,https://cdn.cloudflare.steamstatic.com/steamcommunity/public/images/apps/844870/2947d156a2633c9a5c092d2a14890bc56a342b70.jpg
90,L.S.S,701760,https://cdn.cloudflare.steamstatic.com/steamcommunity/public/images/apps/701760/314379b93d6ef0ea08f9df888f3794f95e991ba5.jpg
91,LET IT DIE,794600,https://cdn.cloudflare.steamstatic.com/steamcommunity/public/images/apps/794600/b03083339ec8ac21f6f4b45e676b9d825af8b51d.jpg
92,Legend of Himari,634340,https://cdn.cloudflare.steamstatic.com/steamcommunity/public/images/apps/634340/3d716f2e3b531f3e06b677220f7a017278390271.jpg
93,Longvinter,1635450,https://cdn.cloudflare.steamstatic.com/steamcommunity/public/images/apps/1635450/dfc64c88d8df08c4084871663c8bc0a324a4f73e.jpg
94,Machine Hunt,546930,https://cdn.cloudflare.steamstatic.com/steamcommunity/public/images/apps/546930/a34842a65cdf9ab579e4238e0dc1930f59edd48e.jpg
95,Marble Combat,949000,https://cdn.cloudflare.steamstatic.com/steamcommunity/public/images/apps/949000/71febfeb28eff438e718996cb25a8b6260bad443.jpg
96,Mech Anarchy,420900,https://cdn.cloudflare.steamstatic.com/steamcommunity/public/images/apps/420900/fa157057e6dfdaf0aa9a73ff8416d727de53878b.jpg
97,MegaRats,534210,https://cdn.cloudflare.steamstatic.com/steamcommunity/public/images/apps/534210/f93ab08739c8b48e5bbd8312277322b41aeddc95.jpg
98,MineSweeper VR,516940,https://cdn.cloudflare.steamstatic.com/steamcommunity/public/images/apps/516940/d8204379a9bcf8a7de4f7e534f2508e7a938c29a.jpg
99,Miscreated,299740,https://cdn.cloudflare.steamstatic.com/steamcommunity/public/images/apps/299740/aa5ad156c129a711b82f0a324bb46137947d1307.jpg
100,Moon Bullet,749830,https://cdn.cloudflare.steamstatic.com/steamcommunity/public/images/apps/749830/d493067258bbc673a0ff8144f584c54b69bd975f.jpg
101,Move or Die,323850,https://cdn.cloudflare.steamstatic.com/steamcommunity/public/images/apps/323850/3998d6f23592638da8d080825cc5da2e6cd4ffa3.jpg
102,NARAKA: BLADEPOINT,1203220,https://cdn.cloudflare.steamstatic.com/steamcommunity/public/images/apps/1203220/8055e7baa81ce2084d7daa42233983967956abb0.jpg
103,Natural Selection 2,4920,https://cdn.cloudflare.steamstatic.com/steamcommunity/public/images/apps/4920/6c2af07776e2042ee63bc3b6aeda129b88939829.jpg
104,Nine Parchments,471550,https://cdn.cloudflare.steamstatic.com/steamcommunity/public/images/apps/471550/0b634db73b3ad763a837ae9fbee2038bb4a08919.jpg
105,Nova-Life: Amboise,885570,https://cdn.cloudflare.steamstatic.com/steamcommunity/public/images/apps/885570/369bbac0f0c947590db98cfd9e0a359bcb053b06.jpg
106,OLDTV,643270,https://cdn.cloudflare.steamstatic.com/steamcommunity/public/images/apps/643270/4555f4368ea7296dde5d65a2188884e6c073a6de.jpg
107,PAYDAY 2,218620,https://cdn.cloudflare.steamstatic.com/steamcommunity/public/images/apps/218620/a6abc0d0c1e79c0b5b0f5c8ab81ce9076a542414.jpg
108,PUBG: BATTLEGROUNDS,578080,https://cdn.cloudflare.steamstatic.com/steamcommunity/public/images/apps/578080/609f27278aa70697c13bf99f32c5a0248c381f9d.jpg
109,Paintball War,757130,https://cdn.cloudflare.steamstatic.com/steamcommunity/public/images/apps/757130/df7782d4edd3c58d23fd9b488fc2401a846b31b3.jpg
110,Party Bots,1859860,https://cdn.cloudflare.steamstatic.com/steamcommunity/public/images/apps/1859860/8a5237f625aa8b1eea341fed1956ecd3faed7fbf.jpg
111,Passed Out,1986390,https://cdn.cloudflare.steamstatic.com/steamcommunity/public/images/apps/1986390/147e405f28ed10b019dfc931526bffb1c2112b44.jpg
112,Path of Exile,238960,https://cdn.cloudflare.steamstatic.com/steamcommunity/public/images/apps/238960/1110764aac57ac28d7ffd8c43071c75d5482a9c9.jpg
113,Perfect Heist 2,1521580,https://cdn.cloudflare.steamstatic.com/steamcommunity/public/images/apps/1521580/78a54aba83ed0dc7039b2f3afd232dfc41f79c44.jpg
114,Primal Carnage: Extinction,321360,https://cdn.cloudflare.steamstatic.com/steamcommunity/public/images/apps/321360/0c9f64ffe631efcc1c7367742e0a57258cb6278e.jpg
115,Prison Life 2,2125160,https://cdn.cloudflare.steamstatic.com/steamcommunity/public/images/apps/2125160/8b045e727a293ae6ca60c1b1c6de30e9d7110712.jpg
116,Project Lounge,508710,https://cdn.cloudflare.steamstatic.com/steamcommunity/public/images/apps/508710/600aa9b0257a446c3afd53e891821d3a93bfc513.jpg
117,Project Winter,774861,https://cdn.cloudflare.steamstatic.com/steamcommunity/public/images/apps/774861/c6991b5658dcefeb09f867784b8b4780f4ad2d7c.jpg
118,RAID: World War II,414740,https://cdn.cloudflare.steamstatic.com/steamcommunity/public/images/apps/414740/8772cf97be4b32c64657f9acb573fd0faf207d09.jpg
119,Ratz Instagib 2.0,338170,https://cdn.cloudflare.steamstatic.com/steamcommunity/public/images/apps/338170/c04acf376ac615261d07a0afcfa641b5815e5030.jpg
120,Realm Revolutions,764030,https://cdn.cloudflare.steamstatic.com/steamcommunity/public/images/apps/764030/5c27cc0078ab74cc47f13ee20a39adcca15b522f.jpg
121,Red Wake Carnage,656610,https://cdn.cloudflare.steamstatic.com/steamcommunity/public/images/apps/656610/e9eb39d65d445e84be26a6385d8a97bf9d43560e.jpg
122,Redmatch 2,1280770,https://cdn.cloudflare.steamstatic.com/steamcommunity/public/images/apps/1280770/a40efa7f154decf48622a25f8b4fe9b67929d7e3.jpg
123,Redout: Enhanced Edition,517710,https://cdn.cloudflare.steamstatic.com/steamcommunity/public/images/apps/517710/547fb524b6431e1d57d1461451ef715d17a61e45.jpg
124,Reflex Arena,328070,https://cdn.cloudflare.steamstatic.com/steamcommunity/public/images/apps/328070/b7525b4a0e74c70a49741199b2e61ee3f3b90bf6.jpg
125,Rem Survival,574180,https://cdn.cloudflare.steamstatic.com/steamcommunity/public/images/apps/574180/3404394a012d824749eb614ba12c65d0d5764e6e.jpg
126,Retail Royale,1557990,https://cdn.cloudflare.steamstatic.com/steamcommunity/public/images/apps/1557990/d27b6eae14c5def08b641519c33726ccfbcf89fc.jpg
127,Rival Rampage,663690,https://cdn.cloudflare.steamstatic.com/steamcommunity/public/images/apps/663690/2bfe61537f03faef01fa874e2015e02ee1f71a43.jpg
128,Robot Roller-Derby Disco Dodgeball,270450,https://cdn.cloudflare.steamstatic.com/steamcommunity/public/images/apps/270450/69897578c5bc80d5cf91636e68029a1017a2bc9b.jpg
129,Rogue Agent,843660,https://cdn.cloudflare.steamstatic.com/steamcommunity/public/images/apps/843660/d662fbfdb2538acdb43bf8ff3ad144392c9e5379.jpg
130,Russian Life Simulator,1070330,https://cdn.cloudflare.steamstatic.com/steamcommunity/public/images/apps/1070330/41e1a7721ee76c3beab84b01f8fe8c83c9802a93.jpg
131,Rust,252490,https://cdn.cloudflare.steamstatic.com/steamcommunity/public/images/apps/252490/820be4782639f9c4b64fa3ca7e6c26a95ae4fd1c.jpg
132,Savage Resurrection,366440,https://cdn.cloudflare.steamstatic.com/steamcommunity/public/images/apps/366440/14d04bdbfc25b5618ae98d77f2c772ba09e39c88.jpg
133,Screeps: World,464350,https://cdn.cloudflare.steamstatic.com/steamcommunity/public/images/apps/464350/607cef48a9d49b4d31b967dd426e75cc876c9fdb.jpg
134,Sense of The Devil,705710,https://cdn.cloudflare.steamstatic.com/steamcommunity/public/images/apps/705710/252a591e16290e57b0ae8d02b3e5045ea26fd930.jpg
135,Shoot Mania VR: Fun Zombies,496960,https://cdn.cloudflare.steamstatic.com/steamcommunity/public/images/apps/496960/6c6a360bf2294e27a9991c9ff38d8e1a4e900870.jpg
136,Shoppe Keep 2,684580,https://cdn.cloudflare.steamstatic.com/steamcommunity/public/images/apps/684580/28a441f26716e042e0c49d02cf5502c9f70ddfaa.jpg
137,Slymes,530300,https://cdn.cloudflare.steamstatic.com/steamcommunity/public/images/apps/530300/c4d4544e1702d00c1ac9796a396f7777cc8c662c.jpg
138,Soccer Online: Ball 3D,485610,https://cdn.cloudflare.steamstatic.com/steamcommunity/public/images/apps/485610/68cdf3cab7f123f7ae2dd7584596503a497883d3.jpg
139,SosSurvival,528970,https://cdn.cloudflare.steamstatic.com/steamcommunity/public/images/apps/528970/d802a9444a425c4d06284ea59f00a9f2d60e4e09.jpg
140,Soul at Stake - 1v4,690530,https://cdn.cloudflare.steamstatic.com/steamcommunity/public/images/apps/690530/0d497a7b422e0b30b9a8a8989775b4a52eee6f8f.jpg
141,Space Engineers,244850,https://cdn.cloudflare.steamstatic.com/steamcommunity/public/images/apps/244850/f9856a90000d88e9a89441a7381fe9877e91eaca.jpg
142,SpeedRunners,207140,https://cdn.cloudflare.steamstatic.com/steamcommunity/public/images/apps/207140/65cfa21149c415430fe36d83c23e079e6db476cc.jpg
143,Spider Wars,454580,https://cdn.cloudflare.steamstatic.com/steamcommunity/public/images/apps/454580/f7bd6843244a3ed74232f3f5b50d91faebaa79f2.jpg
144,Stardrift Nomads,381250,https://cdn.cloudflare.steamstatic.com/steamcommunity/public/images/apps/381250/2b0aabfac87a3f14ec9f5d8e66ada32c6176c225.jpg
145,Steam,753,https://cdn.cloudflare.steamstatic.com/steamcommunity/public/images/apps/753/1d0167575d746dadea7706685c0f3c01c8aeb6d8.jpg
146,SteamVR,250820,https://cdn.cloudflare.steamstatic.com/steamcommunity/public/images/apps/250820/7f286d5ee22905b51663e0cea505e1c2f7500f36.jpg
147,Subnautica,264710,https://cdn.cloudflare.steamstatic.com/steamcommunity/public/images/apps/264710/8a14ceef6e230330a916d7a6324b8c52d464d569.jpg
148,Subsistence,418030,https://cdn.cloudflare.steamstatic.com/steamcommunity/public/images/apps/418030/0c1b0ca63946021b7d40a8e3d3e8d0b102d2b15c.jpg
149,Summer Nightmare,576860,https://cdn.cloudflare.steamstatic.com/steamcommunity/public/images/apps/576860/c7e6ef25bb5507baa40904a8f031716b20dac95a.jpg
150,Supraball,321400,https://cdn.cloudflare.steamstatic.com/steamcommunity/public/images/apps/321400/b1a38c4f768289b87d6dad77d72d13684180848c.jpg
151,Survival Zombies The Inverted Evolution,440730,https://cdn.cloudflare.steamstatic.com/steamcommunity/public/images/apps/440730/8b949e91fd2fad529dffbe3e34e7e50d4f5daca4.jpg
152,Team Fortress 2,440,https://cdn.cloudflare.steamstatic.com/steamcommunity/public/images/apps/440/e3f595a92552da3d664ad00277fad2107345f743.jpg
153,The Culling,437220,https://cdn.cloudflare.steamstatic.com/steamcommunity/public/images/apps/437220/68314798715c44705e5b69c9fd1199a60222effe.jpg
154,The Front,2285150,https://cdn.cloudflare.steamstatic.com/steamcommunity/public/images/apps/2285150/b7b36c7cbae2ce11ad2551e99e7f851cf9d5817d.jpg
155,ULTIMATE ARENA: SHOWDOWN,757160,https://cdn.cloudflare.steamstatic.com/steamcommunity/public/images/apps/757160/2eb12341cdae3ff652c3197ec184d84bcd1a35e7.jpg
156,USA 2020,859700,https://cdn.cloudflare.steamstatic.com/steamcommunity/public/images/apps/859700/716ada8ba24086e15f4ac9faec0d3dd374a23685.jpg
157,Undarkened,676340,https://cdn.cloudflare.steamstatic.com/steamcommunity/public/images/apps/676340/492fb09fb46aabdf04ca0bf04cb2bd371e79b984.jpg
158,Unearthing Process,654700,https://cdn.cloudflare.steamstatic.com/steamcommunity/public/images/apps/654700/29ebbd649740f80f851b601153bd3549c2b3332f.jpg
159,Unturned,304930,https://cdn.cloudflare.steamstatic.com/steamcommunity/public/images/apps/304930/e18009fb628b35953826efe47dc3be556b689f4c.jpg
160,UpGun,1575870,https://cdn.cloudflare.steamstatic.com/steamcommunity/public/images/apps/1575870/8710c07d892e9068e9f33019589b4bd4d2308584.jpg
161,Veritex,695360,https://cdn.cloudflare.steamstatic.com/steamcommunity/public/images/apps/695360/ff67aab8d94ecc3d10302e03f1be9f475bfe9141.jpg
162,WARMODE,391460,https://cdn.cloudflare.steamstatic.com/steamcommunity/public/images/apps/391460/e42a4a7627c4806f29d40e4564d3b20092e16b2a.jpg
163,Wallpaper Engine,431960,https://cdn.cloudflare.steamstatic.com/steamcommunity/public/images/apps/431960/72edaed9d748c6cf7397ffb1c83f0b837b9ebd9d.jpg
164,Warframe,230410,https://cdn.cloudflare.steamstatic.com/steamcommunity/public/images/apps/230410/22064646470f4c53388ba87774c7ac10f0a91ffa.jpg
165,West of Red,709870,https://cdn.cloudflare.steamstatic.com/steamcommunity/public/images/apps/709870/a007a7272809bed7e8fc16751d38a58b8f4f28ad.jpg
166,Wing Breakers,308080,https://cdn.cloudflare.steamstatic.com/steamcommunity/public/images/apps/308080/abac09ae1c6f58d52312b03b726bdde402a6afdb.jpg
167,Wolcen: Lords of Mayhem,424370,https://cdn.cloudflare.steamstatic.com/steamcommunity/public/images/apps/424370/d38c80d8bc7d6bb1a01ea92a30276f4631072bcb.jpg
168,Wolflord - Werewolf Online,657730,https://cdn.cloudflare.steamstatic.com/steamcommunity/public/images/apps/657730/8349ac99f1c3a6d290b7655d2cc7b351478e050c.jpg
169,World of Warships,552990,https://cdn.cloudflare.steamstatic.com/steamcommunity/public/images/apps/552990/023b6bb5bcf82f9222d70cd38fdb18a899bd67e8.jpg
170,XERA: Survival,625340,https://cdn.cloudflare.steamstatic.com/steamcommunity/public/images/apps/625340/efc58ad262c99d59c18fe5a8f041715c38d6122a.jpg
171,Zombie Grinder,263920,https://cdn.cloudflare.steamstatic.com/steamcommunity/public/images/apps/263920/8cf701256f4e5e2e4b993b39441955c028326530.jpg
172,Zup! Arena,914160,https://cdn.cloudflare.steamstatic.com/steamcommunity/public/images/apps/914160/13ba87b4d78c3a328ba5ba2601fd81ca24280018.jpg
173,n-body VR,714910,https://cdn.cloudflare.steamstatic.com/steamcommunity/public/images/apps/714910/78c66033e419a6bb7e0e0e99c12daa16f4e86aee.jpg
174,中国象棋,722670,https://cdn.cloudflare.steamstatic.com/steamcommunity/public/images/apps/722670/7fc9701351c9265c9310ff3d8dd330c29dac58cf.jpg
175,武侠乂,840140,https://cdn.cloudflare.steamstatic.com/steamcommunity/public/images/apps/840140/a04a67e6031e09d3ab1b58dd59b533955baf5e69.jpg
