,names,prices,icons_url
0,Air Filter 3 | Red,$0.13,https://cdn.cloudflare.steamstatic.com/steamcommunity/public/images/apps/588120/d75f5a6c0eb60a65b04a2d979af16c07d20b7224.jpg
1,Air Filter 5 | Black,$0.29,https://cdn.cloudflare.steamstatic.com/steamcommunity/public/images/apps/588120/d75f5a6c0eb60a65b04a2d979af16c07d20b7224.jpg
2,Side Cover | Skull Yellow,$0.54,https://cdn.cloudflare.steamstatic.com/steamcommunity/public/images/apps/588120/d75f5a6c0eb60a65b04a2d979af16c07d20b7224.jpg
3,Muffler 3 | Gold,$0.12,https://cdn.cloudflare.steamstatic.com/steamcommunity/public/images/apps/588120/d75f5a6c0eb60a65b04a2d979af16c07d20b7224.jpg
4,Valve Cover 1 | Gold,$0.21,https://cdn.cloudflare.steamstatic.com/steamcommunity/public/images/apps/588120/d75f5a6c0eb60a65b04a2d979af16c07d20b7224.jpg
5,Air Filter 3 | Yellow,$0.13,https://cdn.cloudflare.steamstatic.com/steamcommunity/public/images/apps/588120/d75f5a6c0eb60a65b04a2d979af16c07d20b7224.jpg
6,Fuel Tank 2 | Silver,$0.14,https://cdn.cloudflare.steamstatic.com/steamcommunity/public/images/apps/588120/d75f5a6c0eb60a65b04a2d979af16c07d20b7224.jpg
7,Fuel Cap 4 | Silver,$0.13,https://cdn.cloudflare.steamstatic.com/steamcommunity/public/images/apps/588120/d75f5a6c0eb60a65b04a2d979af16c07d20b7224.jpg
8,Side Cover | Swirl Green,$0.29,https://cdn.cloudflare.steamstatic.com/steamcommunity/public/images/apps/588120/d75f5a6c0eb60a65b04a2d979af16c07d20b7224.jpg
9,Fuel Tank 2 | Gold,$0.27,https://cdn.cloudflare.steamstatic.com/steamcommunity/public/images/apps/588120/d75f5a6c0eb60a65b04a2d979af16c07d20b7224.jpg
10,Starter 1 | Swirl White,$5.52,https://cdn.cloudflare.steamstatic.com/steamcommunity/public/images/apps/588120/d75f5a6c0eb60a65b04a2d979af16c07d20b7224.jpg
11,Side Cover | Swirl White,$0.54,https://cdn.cloudflare.steamstatic.com/steamcommunity/public/images/apps/588120/d75f5a6c0eb60a65b04a2d979af16c07d20b7224.jpg
12,Air Filter 4 | Green,$0.18,https://cdn.cloudflare.steamstatic.com/steamcommunity/public/images/apps/588120/d75f5a6c0eb60a65b04a2d979af16c07d20b7224.jpg
13,Starter 1 | Swirl Green,$0.13,https://cdn.cloudflare.steamstatic.com/steamcommunity/public/images/apps/588120/d75f5a6c0eb60a65b04a2d979af16c07d20b7224.jpg
14,Carburetor | Green,$1.00,https://cdn.cloudflare.steamstatic.com/steamcommunity/public/images/apps/588120/d75f5a6c0eb60a65b04a2d979af16c07d20b7224.jpg
15,Muffler 6 | Silver,$0.26,https://cdn.cloudflare.steamstatic.com/steamcommunity/public/images/apps/588120/d75f5a6c0eb60a65b04a2d979af16c07d20b7224.jpg
16,Fuel Tank 7 | Painted Red,$0.15,https://cdn.cloudflare.steamstatic.com/steamcommunity/public/images/apps/588120/d75f5a6c0eb60a65b04a2d979af16c07d20b7224.jpg
17,Air Filter 2 | Silver Green,$0.20,https://cdn.cloudflare.steamstatic.com/steamcommunity/public/images/apps/588120/d75f5a6c0eb60a65b04a2d979af16c07d20b7224.jpg
18,Air Filter 2 | Silver Blue,$0.19,https://cdn.cloudflare.steamstatic.com/steamcommunity/public/images/apps/588120/d75f5a6c0eb60a65b04a2d979af16c07d20b7224.jpg
19,Muffler 7 | Gold,$0.14,https://cdn.cloudflare.steamstatic.com/steamcommunity/public/images/apps/588120/d75f5a6c0eb60a65b04a2d979af16c07d20b7224.jpg
20,Muffler 2 | Gold,$0.16,https://cdn.cloudflare.steamstatic.com/steamcommunity/public/images/apps/588120/d75f5a6c0eb60a65b04a2d979af16c07d20b7224.jpg
21,Transmission | Pink,$0.73,https://cdn.cloudflare.steamstatic.com/steamcommunity/public/images/apps/588120/d75f5a6c0eb60a65b04a2d979af16c07d20b7224.jpg
22,Muffler 8 | Silver,$0.38,https://cdn.cloudflare.steamstatic.com/steamcommunity/public/images/apps/588120/d75f5a6c0eb60a65b04a2d979af16c07d20b7224.jpg
23,Muffler 2 | Silver,$0.13,https://cdn.cloudflare.steamstatic.com/steamcommunity/public/images/apps/588120/d75f5a6c0eb60a65b04a2d979af16c07d20b7224.jpg
24,Fuel Tank 3 | Silver,$0.26,https://cdn.cloudflare.steamstatic.com/steamcommunity/public/images/apps/588120/d75f5a6c0eb60a65b04a2d979af16c07d20b7224.jpg
25,Cylinder Block | Metal Gold,$0.12,https://cdn.cloudflare.steamstatic.com/steamcommunity/public/images/apps/588120/d75f5a6c0eb60a65b04a2d979af16c07d20b7224.jpg
26,Cylinder Block | Painted Purple,$0.23,https://cdn.cloudflare.steamstatic.com/steamcommunity/public/images/apps/588120/d75f5a6c0eb60a65b04a2d979af16c07d20b7224.jpg
27,Starter 2 | Simple Black,$0.13,https://cdn.cloudflare.steamstatic.com/steamcommunity/public/images/apps/588120/d75f5a6c0eb60a65b04a2d979af16c07d20b7224.jpg
28,Cylinder Block | Painted Yellow,$0.54,https://cdn.cloudflare.steamstatic.com/steamcommunity/public/images/apps/588120/d75f5a6c0eb60a65b04a2d979af16c07d20b7224.jpg
29,Starter 3 | Flame Pink,$1.65,https://cdn.cloudflare.steamstatic.com/steamcommunity/public/images/apps/588120/d75f5a6c0eb60a65b04a2d979af16c07d20b7224.jpg
30,Side Cover | Skull White,$0.06,https://cdn.cloudflare.steamstatic.com/steamcommunity/public/images/apps/588120/d75f5a6c0eb60a65b04a2d979af16c07d20b7224.jpg
31,Air Filter 1 | Pink,$0.52,https://cdn.cloudflare.steamstatic.com/steamcommunity/public/images/apps/588120/d75f5a6c0eb60a65b04a2d979af16c07d20b7224.jpg
32,Side Cover | Swirl Red,$0.63,https://cdn.cloudflare.steamstatic.com/steamcommunity/public/images/apps/588120/d75f5a6c0eb60a65b04a2d979af16c07d20b7224.jpg
33,Muffler 9 | Silver,$0.12,https://cdn.cloudflare.steamstatic.com/steamcommunity/public/images/apps/588120/d75f5a6c0eb60a65b04a2d979af16c07d20b7224.jpg
34,Air Filter 2 | Silver Purple,$1.40,https://cdn.cloudflare.steamstatic.com/steamcommunity/public/images/apps/588120/d75f5a6c0eb60a65b04a2d979af16c07d20b7224.jpg
35,Side Cover | White,$0.10,https://cdn.cloudflare.steamstatic.com/steamcommunity/public/images/apps/588120/d75f5a6c0eb60a65b04a2d979af16c07d20b7224.jpg
36,Starter 1 | Skull Purple,$0.26,https://cdn.cloudflare.steamstatic.com/steamcommunity/public/images/apps/588120/d75f5a6c0eb60a65b04a2d979af16c07d20b7224.jpg
37,Muffler 2 | Painted Stripe Red,$0.15,https://cdn.cloudflare.steamstatic.com/steamcommunity/public/images/apps/588120/d75f5a6c0eb60a65b04a2d979af16c07d20b7224.jpg
38,Fuel Tank 5 | Red,$0.12,https://cdn.cloudflare.steamstatic.com/steamcommunity/public/images/apps/588120/d75f5a6c0eb60a65b04a2d979af16c07d20b7224.jpg
39,Valve Cover 2 | Silver,$0.30,https://cdn.cloudflare.steamstatic.com/steamcommunity/public/images/apps/588120/d75f5a6c0eb60a65b04a2d979af16c07d20b7224.jpg
40,Fuel Tank 1 | Yellow,$0.23,https://cdn.cloudflare.steamstatic.com/steamcommunity/public/images/apps/588120/d75f5a6c0eb60a65b04a2d979af16c07d20b7224.jpg
41,Ignition | Red,$0.17,https://cdn.cloudflare.steamstatic.com/steamcommunity/public/images/apps/588120/d75f5a6c0eb60a65b04a2d979af16c07d20b7224.jpg
42,Air Filter 2 | Gold Black,$0.23,https://cdn.cloudflare.steamstatic.com/steamcommunity/public/images/apps/588120/d75f5a6c0eb60a65b04a2d979af16c07d20b7224.jpg
43,Starter 1 | Flame White,$0.21,https://cdn.cloudflare.steamstatic.com/steamcommunity/public/images/apps/588120/d75f5a6c0eb60a65b04a2d979af16c07d20b7224.jpg
44,Air Filter 1 | Blue,$0.18,https://cdn.cloudflare.steamstatic.com/steamcommunity/public/images/apps/588120/d75f5a6c0eb60a65b04a2d979af16c07d20b7224.jpg
45,Cylinder Block | Painted Green,$0.20,https://cdn.cloudflare.steamstatic.com/steamcommunity/public/images/apps/588120/d75f5a6c0eb60a65b04a2d979af16c07d20b7224.jpg
46,Air Filter 4 | Metal Silver,$0.19,https://cdn.cloudflare.steamstatic.com/steamcommunity/public/images/apps/588120/d75f5a6c0eb60a65b04a2d979af16c07d20b7224.jpg
47,Muffler 2 | Painted Flame Red,$0.09,https://cdn.cloudflare.steamstatic.com/steamcommunity/public/images/apps/588120/d75f5a6c0eb60a65b04a2d979af16c07d20b7224.jpg
48,Starter 1 | Swirl Yellow,$2.10,https://cdn.cloudflare.steamstatic.com/steamcommunity/public/images/apps/588120/d75f5a6c0eb60a65b04a2d979af16c07d20b7224.jpg
49,Transmission | Purple,$9.71,https://cdn.cloudflare.steamstatic.com/steamcommunity/public/images/apps/588120/d75f5a6c0eb60a65b04a2d979af16c07d20b7224.jpg
50,Transmission | Blue,$0.54,https://cdn.cloudflare.steamstatic.com/steamcommunity/public/images/apps/588120/d75f5a6c0eb60a65b04a2d979af16c07d20b7224.jpg
51,Air Filter 4 | Red,$0.66,https://cdn.cloudflare.steamstatic.com/steamcommunity/public/images/apps/588120/d75f5a6c0eb60a65b04a2d979af16c07d20b7224.jpg
52,Fuel Cap 2 | Silver,$1.69,https://cdn.cloudflare.steamstatic.com/steamcommunity/public/images/apps/588120/d75f5a6c0eb60a65b04a2d979af16c07d20b7224.jpg
53,Fuel Cap 3 | Silver,$0.63,https://cdn.cloudflare.steamstatic.com/steamcommunity/public/images/apps/588120/d75f5a6c0eb60a65b04a2d979af16c07d20b7224.jpg
54,Air Filter 2 | Silver Red,$0.17,https://cdn.cloudflare.steamstatic.com/steamcommunity/public/images/apps/588120/d75f5a6c0eb60a65b04a2d979af16c07d20b7224.jpg
55,Air Filter 3 | Metal Silver,$0.88,https://cdn.cloudflare.steamstatic.com/steamcommunity/public/images/apps/588120/d75f5a6c0eb60a65b04a2d979af16c07d20b7224.jpg
56,Fuel Tank 1 | Purple,$0.64,https://cdn.cloudflare.steamstatic.com/steamcommunity/public/images/apps/588120/d75f5a6c0eb60a65b04a2d979af16c07d20b7224.jpg
57,Fuel Tank 1 | Red,$0.92,https://cdn.cloudflare.steamstatic.com/steamcommunity/public/images/apps/588120/d75f5a6c0eb60a65b04a2d979af16c07d20b7224.jpg
58,Side Cover | Skull Purple,$0.37,https://cdn.cloudflare.steamstatic.com/steamcommunity/public/images/apps/588120/d75f5a6c0eb60a65b04a2d979af16c07d20b7224.jpg
59,Starter 1 | Skull Green,$0.38,https://cdn.cloudflare.steamstatic.com/steamcommunity/public/images/apps/588120/d75f5a6c0eb60a65b04a2d979af16c07d20b7224.jpg
60,Muffler 3 | Silver,$0.14,https://cdn.cloudflare.steamstatic.com/steamcommunity/public/images/apps/588120/d75f5a6c0eb60a65b04a2d979af16c07d20b7224.jpg
61,Air Filter 5 | Yellow,$0.23,https://cdn.cloudflare.steamstatic.com/steamcommunity/public/images/apps/588120/d75f5a6c0eb60a65b04a2d979af16c07d20b7224.jpg
62,Starter 1 | Swirl Blue,$0.47,https://cdn.cloudflare.steamstatic.com/steamcommunity/public/images/apps/588120/d75f5a6c0eb60a65b04a2d979af16c07d20b7224.jpg
63,Ignition | Blue,$0.21,https://cdn.cloudflare.steamstatic.com/steamcommunity/public/images/apps/588120/d75f5a6c0eb60a65b04a2d979af16c07d20b7224.jpg
64,Starter 1 | Black,$9.89,https://cdn.cloudflare.steamstatic.com/steamcommunity/public/images/apps/588120/d75f5a6c0eb60a65b04a2d979af16c07d20b7224.jpg
65,Muffler 2 | Painted Stripe Yellow,$0.23,https://cdn.cloudflare.steamstatic.com/steamcommunity/public/images/apps/588120/d75f5a6c0eb60a65b04a2d979af16c07d20b7224.jpg
66,Ignition | Orange,$0.34,https://cdn.cloudflare.steamstatic.com/steamcommunity/public/images/apps/588120/d75f5a6c0eb60a65b04a2d979af16c07d20b7224.jpg
67,Muffler 4 | Silver,$0.53,https://cdn.cloudflare.steamstatic.com/steamcommunity/public/images/apps/588120/d75f5a6c0eb60a65b04a2d979af16c07d20b7224.jpg
68,Side Cover | Skull Orange,$5.35,https://cdn.cloudflare.steamstatic.com/steamcommunity/public/images/apps/588120/d75f5a6c0eb60a65b04a2d979af16c07d20b7224.jpg
69,Transmission | Black,$0.12,https://cdn.cloudflare.steamstatic.com/steamcommunity/public/images/apps/588120/d75f5a6c0eb60a65b04a2d979af16c07d20b7224.jpg
70,Fuel Tank 7 | Painted Orange,$0.32,https://cdn.cloudflare.steamstatic.com/steamcommunity/public/images/apps/588120/d75f5a6c0eb60a65b04a2d979af16c07d20b7224.jpg
71,Starter 1 | Swirl Purple,$0.41,https://cdn.cloudflare.steamstatic.com/steamcommunity/public/images/apps/588120/d75f5a6c0eb60a65b04a2d979af16c07d20b7224.jpg
72,Air Filter 3 | Green,$0.34,https://cdn.cloudflare.steamstatic.com/steamcommunity/public/images/apps/588120/d75f5a6c0eb60a65b04a2d979af16c07d20b7224.jpg
73,Carburetor | Blue,$0.21,https://cdn.cloudflare.steamstatic.com/steamcommunity/public/images/apps/588120/d75f5a6c0eb60a65b04a2d979af16c07d20b7224.jpg
74,Muffler 1 | Red,$2.12,https://cdn.cloudflare.steamstatic.com/steamcommunity/public/images/apps/588120/d75f5a6c0eb60a65b04a2d979af16c07d20b7224.jpg
75,Air Filter 1 | Red,$0.11,https://cdn.cloudflare.steamstatic.com/steamcommunity/public/images/apps/588120/d75f5a6c0eb60a65b04a2d979af16c07d20b7224.jpg
76,Side Cover | Skull Pink,$0.38,https://cdn.cloudflare.steamstatic.com/steamcommunity/public/images/apps/588120/d75f5a6c0eb60a65b04a2d979af16c07d20b7224.jpg
77,Fuel Tank 7 | Painted Black,$0.35,https://cdn.cloudflare.steamstatic.com/steamcommunity/public/images/apps/588120/d75f5a6c0eb60a65b04a2d979af16c07d20b7224.jpg
78,Air Filter 1 | Yellow,$0.18,https://cdn.cloudflare.steamstatic.com/steamcommunity/public/images/apps/588120/d75f5a6c0eb60a65b04a2d979af16c07d20b7224.jpg
79,Ignition | Pink,$0.13,https://cdn.cloudflare.steamstatic.com/steamcommunity/public/images/apps/588120/d75f5a6c0eb60a65b04a2d979af16c07d20b7224.jpg
80,Starter 1 | Swirl Pink,$0.23,https://cdn.cloudflare.steamstatic.com/steamcommunity/public/images/apps/588120/d75f5a6c0eb60a65b04a2d979af16c07d20b7224.jpg
81,Muffler 1 | White,$0.16,https://cdn.cloudflare.steamstatic.com/steamcommunity/public/images/apps/588120/d75f5a6c0eb60a65b04a2d979af16c07d20b7224.jpg
82,Valve Cover 3 | Silver,$0.14,https://cdn.cloudflare.steamstatic.com/steamcommunity/public/images/apps/588120/d75f5a6c0eb60a65b04a2d979af16c07d20b7224.jpg
83,Side Cover | Flame Pink,$0.14,https://cdn.cloudflare.steamstatic.com/steamcommunity/public/images/apps/588120/d75f5a6c0eb60a65b04a2d979af16c07d20b7224.jpg
84,Starter 3 | Flame Black,$0.97,https://cdn.cloudflare.steamstatic.com/steamcommunity/public/images/apps/588120/d75f5a6c0eb60a65b04a2d979af16c07d20b7224.jpg
85,Side Cover | Pink,$0.21,https://cdn.cloudflare.steamstatic.com/steamcommunity/public/images/apps/588120/d75f5a6c0eb60a65b04a2d979af16c07d20b7224.jpg
86,Side Cover | Orange,$0.20,https://cdn.cloudflare.steamstatic.com/steamcommunity/public/images/apps/588120/d75f5a6c0eb60a65b04a2d979af16c07d20b7224.jpg
87,Starter 1 | Flame Orange,$0.65,https://cdn.cloudflare.steamstatic.com/steamcommunity/public/images/apps/588120/d75f5a6c0eb60a65b04a2d979af16c07d20b7224.jpg
88,Starter 5 | Flame Green,$0.36,https://cdn.cloudflare.steamstatic.com/steamcommunity/public/images/apps/588120/d75f5a6c0eb60a65b04a2d979af16c07d20b7224.jpg
89,Side Cover | Black,$0.21,https://cdn.cloudflare.steamstatic.com/steamcommunity/public/images/apps/588120/d75f5a6c0eb60a65b04a2d979af16c07d20b7224.jpg
90,Starter 3 | Flame Orange,$0.27,https://cdn.cloudflare.steamstatic.com/steamcommunity/public/images/apps/588120/d75f5a6c0eb60a65b04a2d979af16c07d20b7224.jpg
91,Muffler 1 | Purple,$0.69,https://cdn.cloudflare.steamstatic.com/steamcommunity/public/images/apps/588120/d75f5a6c0eb60a65b04a2d979af16c07d20b7224.jpg
92,Starter 1 | Flame Pink,$0.36,https://cdn.cloudflare.steamstatic.com/steamcommunity/public/images/apps/588120/d75f5a6c0eb60a65b04a2d979af16c07d20b7224.jpg
93,Carburetor | Pink,$0.81,https://cdn.cloudflare.steamstatic.com/steamcommunity/public/images/apps/588120/d75f5a6c0eb60a65b04a2d979af16c07d20b7224.jpg
94,Side Cover | Yellow,$1.03,https://cdn.cloudflare.steamstatic.com/steamcommunity/public/images/apps/588120/d75f5a6c0eb60a65b04a2d979af16c07d20b7224.jpg
95,Side Cover | Flame Orange,$0.25,https://cdn.cloudflare.steamstatic.com/steamcommunity/public/images/apps/588120/d75f5a6c0eb60a65b04a2d979af16c07d20b7224.jpg
96,Fuel Tank 5 | Blue,$0.23,https://cdn.cloudflare.steamstatic.com/steamcommunity/public/images/apps/588120/d75f5a6c0eb60a65b04a2d979af16c07d20b7224.jpg
97,Muffler 7 | Heat,$29.99,https://cdn.cloudflare.steamstatic.com/steamcommunity/public/images/apps/588120/d75f5a6c0eb60a65b04a2d979af16c07d20b7224.jpg
98,Starter 1 | Blue,$0.49,https://cdn.cloudflare.steamstatic.com/steamcommunity/public/images/apps/588120/d75f5a6c0eb60a65b04a2d979af16c07d20b7224.jpg
99,Air Filter 3 | Blue,$1.35,https://cdn.cloudflare.steamstatic.com/steamcommunity/public/images/apps/588120/d75f5a6c0eb60a65b04a2d979af16c07d20b7224.jpg
100,Starter 1 | Flame Purple,$0.24,https://cdn.cloudflare.steamstatic.com/steamcommunity/public/images/apps/588120/d75f5a6c0eb60a65b04a2d979af16c07d20b7224.jpg
101,Carburetor | Yellow,$0.12,https://cdn.cloudflare.steamstatic.com/steamcommunity/public/images/apps/588120/d75f5a6c0eb60a65b04a2d979af16c07d20b7224.jpg
102,Starter 1 | Swirl Orange,$0.61,https://cdn.cloudflare.steamstatic.com/steamcommunity/public/images/apps/588120/d75f5a6c0eb60a65b04a2d979af16c07d20b7224.jpg
103,Air Filter 4 | Blue,$4.40,https://cdn.cloudflare.steamstatic.com/steamcommunity/public/images/apps/588120/d75f5a6c0eb60a65b04a2d979af16c07d20b7224.jpg
104,Muffler 7 | Silver,$0.13,https://cdn.cloudflare.steamstatic.com/steamcommunity/public/images/apps/588120/d75f5a6c0eb60a65b04a2d979af16c07d20b7224.jpg
105,Carburetor | White,$0.40,https://cdn.cloudflare.steamstatic.com/steamcommunity/public/images/apps/588120/d75f5a6c0eb60a65b04a2d979af16c07d20b7224.jpg
106,Side Cover | Skull Blue,$0.26,https://cdn.cloudflare.steamstatic.com/steamcommunity/public/images/apps/588120/d75f5a6c0eb60a65b04a2d979af16c07d20b7224.jpg
107,Fuel Tank 7 | Painted White,$0.12,https://cdn.cloudflare.steamstatic.com/steamcommunity/public/images/apps/588120/d75f5a6c0eb60a65b04a2d979af16c07d20b7224.jpg
108,Fuel Tank 1 | Green,$0.21,https://cdn.cloudflare.steamstatic.com/steamcommunity/public/images/apps/588120/d75f5a6c0eb60a65b04a2d979af16c07d20b7224.jpg
109,Valve Cover 2 | Gold,$0.24,https://cdn.cloudflare.steamstatic.com/steamcommunity/public/images/apps/588120/d75f5a6c0eb60a65b04a2d979af16c07d20b7224.jpg
110,Side Cover | Flame Black,$0.77,https://cdn.cloudflare.steamstatic.com/steamcommunity/public/images/apps/588120/d75f5a6c0eb60a65b04a2d979af16c07d20b7224.jpg
111,Muffler 1 | Green,$1.40,https://cdn.cloudflare.steamstatic.com/steamcommunity/public/images/apps/588120/d75f5a6c0eb60a65b04a2d979af16c07d20b7224.jpg
112,Transmission | Gold,$1.10,https://cdn.cloudflare.steamstatic.com/steamcommunity/public/images/apps/588120/d75f5a6c0eb60a65b04a2d979af16c07d20b7224.jpg
113,Side Cover | Green,$0.11,https://cdn.cloudflare.steamstatic.com/steamcommunity/public/images/apps/588120/d75f5a6c0eb60a65b04a2d979af16c07d20b7224.jpg
114,Starter 1 | Purple,$0.17,https://cdn.cloudflare.steamstatic.com/steamcommunity/public/images/apps/588120/d75f5a6c0eb60a65b04a2d979af16c07d20b7224.jpg
115,Starter 1 | Skull Red,$33.06,https://cdn.cloudflare.steamstatic.com/steamcommunity/public/images/apps/588120/d75f5a6c0eb60a65b04a2d979af16c07d20b7224.jpg
116,Fuel Tank 4 | Silver,$0.76,https://cdn.cloudflare.steamstatic.com/steamcommunity/public/images/apps/588120/d75f5a6c0eb60a65b04a2d979af16c07d20b7224.jpg
117,Starter 3 | Flame Blue,$0.43,https://cdn.cloudflare.steamstatic.com/steamcommunity/public/images/apps/588120/d75f5a6c0eb60a65b04a2d979af16c07d20b7224.jpg
118,Starter 1 | Blue,$0.49,https://cdn.cloudflare.steamstatic.com/steamcommunity/public/images/apps/588120/d75f5a6c0eb60a65b04a2d979af16c07d20b7224.jpg
119,Starter 2 | Marble Pink,$1.26,https://cdn.cloudflare.steamstatic.com/steamcommunity/public/images/apps/588120/d75f5a6c0eb60a65b04a2d979af16c07d20b7224.jpg
120,Side Cover | Zebra White,$1.19,https://cdn.cloudflare.steamstatic.com/steamcommunity/public/images/apps/588120/d75f5a6c0eb60a65b04a2d979af16c07d20b7224.jpg
121,Fuel Tank 4 | Gold,$1.09,https://cdn.cloudflare.steamstatic.com/steamcommunity/public/images/apps/588120/d75f5a6c0eb60a65b04a2d979af16c07d20b7224.jpg
122,Starter 1 | Flame Pink,$0.36,https://cdn.cloudflare.steamstatic.com/steamcommunity/public/images/apps/588120/d75f5a6c0eb60a65b04a2d979af16c07d20b7224.jpg
123,Muffler 5 | Silver,$1.24,https://cdn.cloudflare.steamstatic.com/steamcommunity/public/images/apps/588120/d75f5a6c0eb60a65b04a2d979af16c07d20b7224.jpg
124,Starter 3 | Flame Green,$109.75,https://cdn.cloudflare.steamstatic.com/steamcommunity/public/images/apps/588120/d75f5a6c0eb60a65b04a2d979af16c07d20b7224.jpg
125,Cylinder Block | Painted Orange,$0.65,https://cdn.cloudflare.steamstatic.com/steamcommunity/public/images/apps/588120/d75f5a6c0eb60a65b04a2d979af16c07d20b7224.jpg
126,Air Filter 1 | Purple,$0.23,https://cdn.cloudflare.steamstatic.com/steamcommunity/public/images/apps/588120/d75f5a6c0eb60a65b04a2d979af16c07d20b7224.jpg
127,Starter 5 | Flame Black,$0.17,https://cdn.cloudflare.steamstatic.com/steamcommunity/public/images/apps/588120/d75f5a6c0eb60a65b04a2d979af16c07d20b7224.jpg
128,Carburetor | Pink,$0.81,https://cdn.cloudflare.steamstatic.com/steamcommunity/public/images/apps/588120/d75f5a6c0eb60a65b04a2d979af16c07d20b7224.jpg
129,Side Cover | Yellow,$1.03,https://cdn.cloudflare.steamstatic.com/steamcommunity/public/images/apps/588120/d75f5a6c0eb60a65b04a2d979af16c07d20b7224.jpg
130,Starter 1 | Skull Pink,$0.42,https://cdn.cloudflare.steamstatic.com/steamcommunity/public/images/apps/588120/d75f5a6c0eb60a65b04a2d979af16c07d20b7224.jpg
131,Muffler 2 | Painted Stripe Green,$0.21,https://cdn.cloudflare.steamstatic.com/steamcommunity/public/images/apps/588120/d75f5a6c0eb60a65b04a2d979af16c07d20b7224.jpg
132,Air Filter 3 | Blue,$1.35,https://cdn.cloudflare.steamstatic.com/steamcommunity/public/images/apps/588120/d75f5a6c0eb60a65b04a2d979af16c07d20b7224.jpg
133,Side Cover | Skull Red,$1.16,https://cdn.cloudflare.steamstatic.com/steamcommunity/public/images/apps/588120/d75f5a6c0eb60a65b04a2d979af16c07d20b7224.jpg
134,Side Cover | Flame Red,$4.03,https://cdn.cloudflare.steamstatic.com/steamcommunity/public/images/apps/588120/d75f5a6c0eb60a65b04a2d979af16c07d20b7224.jpg
135,Fuel Tank 7 | Painted Green,$3.75,https://cdn.cloudflare.steamstatic.com/steamcommunity/public/images/apps/588120/d75f5a6c0eb60a65b04a2d979af16c07d20b7224.jpg
136,Starter 4 | Skull Orange,$3.79,https://cdn.cloudflare.steamstatic.com/steamcommunity/public/images/apps/588120/d75f5a6c0eb60a65b04a2d979af16c07d20b7224.jpg
137,Side Cover | Blue,$6.96,https://cdn.cloudflare.steamstatic.com/steamcommunity/public/images/apps/588120/d75f5a6c0eb60a65b04a2d979af16c07d20b7224.jpg
138,Muffler 5 | Gold,$272.69,https://cdn.cloudflare.steamstatic.com/steamcommunity/public/images/apps/588120/d75f5a6c0eb60a65b04a2d979af16c07d20b7224.jpg
139,Starter 3 | Camo Green,$1.34,https://cdn.cloudflare.steamstatic.com/steamcommunity/public/images/apps/588120/d75f5a6c0eb60a65b04a2d979af16c07d20b7224.jpg
140,Fuel Tank 1 | Orange,$0.69,https://cdn.cloudflare.steamstatic.com/steamcommunity/public/images/apps/588120/d75f5a6c0eb60a65b04a2d979af16c07d20b7224.jpg
141,Starter 1 | Skull White,$36.57,https://cdn.cloudflare.steamstatic.com/steamcommunity/public/images/apps/588120/d75f5a6c0eb60a65b04a2d979af16c07d20b7224.jpg
142,Carburetor | Red,$4.40,https://cdn.cloudflare.steamstatic.com/steamcommunity/public/images/apps/588120/d75f5a6c0eb60a65b04a2d979af16c07d20b7224.jpg
143,Side Cover | Swirl Pink,$5.49,https://cdn.cloudflare.steamstatic.com/steamcommunity/public/images/apps/588120/d75f5a6c0eb60a65b04a2d979af16c07d20b7224.jpg
144,Starter 3 | Simple Purple,$0.63,https://cdn.cloudflare.steamstatic.com/steamcommunity/public/images/apps/588120/d75f5a6c0eb60a65b04a2d979af16c07d20b7224.jpg
145,Starter 4 | Camo Orange,$6.28,https://cdn.cloudflare.steamstatic.com/steamcommunity/public/images/apps/588120/d75f5a6c0eb60a65b04a2d979af16c07d20b7224.jpg
146,Starter 5 | Flame Purple,$0.65,https://cdn.cloudflare.steamstatic.com/steamcommunity/public/images/apps/588120/d75f5a6c0eb60a65b04a2d979af16c07d20b7224.jpg
147,Cylinder Block | Painted Pink,$3.87,https://cdn.cloudflare.steamstatic.com/steamcommunity/public/images/apps/588120/d75f5a6c0eb60a65b04a2d979af16c07d20b7224.jpg
148,Starter 5 | Skull Green,$1.35,https://cdn.cloudflare.steamstatic.com/steamcommunity/public/images/apps/588120/d75f5a6c0eb60a65b04a2d979af16c07d20b7224.jpg
149,Fuel Tank 5 | Green,$5.52,https://cdn.cloudflare.steamstatic.com/steamcommunity/public/images/apps/588120/d75f5a6c0eb60a65b04a2d979af16c07d20b7224.jpg
150,Side Cover | Flame Purple,$0.73,https://cdn.cloudflare.steamstatic.com/steamcommunity/public/images/apps/588120/d75f5a6c0eb60a65b04a2d979af16c07d20b7224.jpg
151,Starter 4 | Skull Green,$6.00,https://cdn.cloudflare.steamstatic.com/steamcommunity/public/images/apps/588120/d75f5a6c0eb60a65b04a2d979af16c07d20b7224.jpg
152,Air Filter 4 | Purple,$5.52,https://cdn.cloudflare.steamstatic.com/steamcommunity/public/images/apps/588120/d75f5a6c0eb60a65b04a2d979af16c07d20b7224.jpg
153,Starter 4 | Marble Yellow,$4.41,https://cdn.cloudflare.steamstatic.com/steamcommunity/public/images/apps/588120/d75f5a6c0eb60a65b04a2d979af16c07d20b7224.jpg
154,Starter 1 | Zebra White,$0.30,https://cdn.cloudflare.steamstatic.com/steamcommunity/public/images/apps/588120/d75f5a6c0eb60a65b04a2d979af16c07d20b7224.jpg
155,Starter 3 | Digital Pink,$0.34,https://cdn.cloudflare.steamstatic.com/steamcommunity/public/images/apps/588120/d75f5a6c0eb60a65b04a2d979af16c07d20b7224.jpg
156,Transmission | Green,$0.62,https://cdn.cloudflare.steamstatic.com/steamcommunity/public/images/apps/588120/d75f5a6c0eb60a65b04a2d979af16c07d20b7224.jpg
157,Starter 3 | Flame Red,$1.73,https://cdn.cloudflare.steamstatic.com/steamcommunity/public/images/apps/588120/d75f5a6c0eb60a65b04a2d979af16c07d20b7224.jpg
158,Fuel Tank 6 | UXB,$54.25,https://cdn.cloudflare.steamstatic.com/steamcommunity/public/images/apps/588120/d75f5a6c0eb60a65b04a2d979af16c07d20b7224.jpg
159,Starter 1 | Yellow,$0.17,https://cdn.cloudflare.steamstatic.com/steamcommunity/public/images/apps/588120/d75f5a6c0eb60a65b04a2d979af16c07d20b7224.jpg
160,Muffler 6 | Gold,$3.46,https://cdn.cloudflare.steamstatic.com/steamcommunity/public/images/apps/588120/d75f5a6c0eb60a65b04a2d979af16c07d20b7224.jpg
161,Cylinder Block | Painted Blue,$0.72,https://cdn.cloudflare.steamstatic.com/steamcommunity/public/images/apps/588120/d75f5a6c0eb60a65b04a2d979af16c07d20b7224.jpg
162,Air Filter 1 | Orange,$2.21,https://cdn.cloudflare.steamstatic.com/steamcommunity/public/images/apps/588120/d75f5a6c0eb60a65b04a2d979af16c07d20b7224.jpg
163,Side Cover | Zebra Green,$0.36,https://cdn.cloudflare.steamstatic.com/steamcommunity/public/images/apps/588120/d75f5a6c0eb60a65b04a2d979af16c07d20b7224.jpg
164,Starter 2 | Marble Red,$1.26,https://cdn.cloudflare.steamstatic.com/steamcommunity/public/images/apps/588120/d75f5a6c0eb60a65b04a2d979af16c07d20b7224.jpg
165,Fuel Tank 5 | Purple,$7.71,https://cdn.cloudflare.steamstatic.com/steamcommunity/public/images/apps/588120/d75f5a6c0eb60a65b04a2d979af16c07d20b7224.jpg
166,Starter 5 | Flame Red,$0.50,https://cdn.cloudflare.steamstatic.com/steamcommunity/public/images/apps/588120/d75f5a6c0eb60a65b04a2d979af16c07d20b7224.jpg
167,Air Filter 3 | Metal Gold,$1.40,https://cdn.cloudflare.steamstatic.com/steamcommunity/public/images/apps/588120/d75f5a6c0eb60a65b04a2d979af16c07d20b7224.jpg
168,Side Cover | Flame Green,$0.25,https://cdn.cloudflare.steamstatic.com/steamcommunity/public/images/apps/588120/d75f5a6c0eb60a65b04a2d979af16c07d20b7224.jpg
169,Fuel Tank 5 | White,$97.94,https://cdn.cloudflare.steamstatic.com/steamcommunity/public/images/apps/588120/d75f5a6c0eb60a65b04a2d979af16c07d20b7224.jpg
170,Starter 3 | Marble Yellow,$1.35,https://cdn.cloudflare.steamstatic.com/steamcommunity/public/images/apps/588120/d75f5a6c0eb60a65b04a2d979af16c07d20b7224.jpg
171,Side Cover | Marble White,$0.49,https://cdn.cloudflare.steamstatic.com/steamcommunity/public/images/apps/588120/d75f5a6c0eb60a65b04a2d979af16c07d20b7224.jpg
172,Starter 1 | Flame Yellow,$0.65,https://cdn.cloudflare.steamstatic.com/steamcommunity/public/images/apps/588120/d75f5a6c0eb60a65b04a2d979af16c07d20b7224.jpg
173,Starter 1 | Skull Orange,$201.67,https://cdn.cloudflare.steamstatic.com/steamcommunity/public/images/apps/588120/d75f5a6c0eb60a65b04a2d979af16c07d20b7224.jpg
174,Fuel Tank 7 | Painted Pink,$1.96,https://cdn.cloudflare.steamstatic.com/steamcommunity/public/images/apps/588120/d75f5a6c0eb60a65b04a2d979af16c07d20b7224.jpg
175,Starter 2 | Digital White,$33.06,https://cdn.cloudflare.steamstatic.com/steamcommunity/public/images/apps/588120/d75f5a6c0eb60a65b04a2d979af16c07d20b7224.jpg
176,Side Cover | Swirl Yellow,$0.35,https://cdn.cloudflare.steamstatic.com/steamcommunity/public/images/apps/588120/d75f5a6c0eb60a65b04a2d979af16c07d20b7224.jpg
177,Fuel Tank 3 | Gold,$13.50,https://cdn.cloudflare.steamstatic.com/steamcommunity/public/images/apps/588120/d75f5a6c0eb60a65b04a2d979af16c07d20b7224.jpg
178,Fuel Tank 7 | Painted Blue,$31.60,https://cdn.cloudflare.steamstatic.com/steamcommunity/public/images/apps/588120/d75f5a6c0eb60a65b04a2d979af16c07d20b7224.jpg
179,Cylinder Block | Painted White,$5.49,https://cdn.cloudflare.steamstatic.com/steamcommunity/public/images/apps/588120/d75f5a6c0eb60a65b04a2d979af16c07d20b7224.jpg
180,Starter 5 | Flame Yellow,$1.00,https://cdn.cloudflare.steamstatic.com/steamcommunity/public/images/apps/588120/d75f5a6c0eb60a65b04a2d979af16c07d20b7224.jpg
181,Side Cover | Swirl Orange,$0.51,https://cdn.cloudflare.steamstatic.com/steamcommunity/public/images/apps/588120/d75f5a6c0eb60a65b04a2d979af16c07d20b7224.jpg
182,Side Cover | Swirl Purple,$1.35,https://cdn.cloudflare.steamstatic.com/steamcommunity/public/images/apps/588120/d75f5a6c0eb60a65b04a2d979af16c07d20b7224.jpg
183,Cylinder Block | Painted Black,$0.07,https://cdn.cloudflare.steamstatic.com/steamcommunity/public/images/apps/588120/d75f5a6c0eb60a65b04a2d979af16c07d20b7224.jpg
184,Muffler 4 | Heat,$1.26,https://cdn.cloudflare.steamstatic.com/steamcommunity/public/images/apps/588120/d75f5a6c0eb60a65b04a2d979af16c07d20b7224.jpg
185,Starter 4 | Zebra Orange,$22.51,https://cdn.cloudflare.steamstatic.com/steamcommunity/public/images/apps/588120/d75f5a6c0eb60a65b04a2d979af16c07d20b7224.jpg
186,Air Filter 1 | White,"$1,646.06",https://cdn.cloudflare.steamstatic.com/steamcommunity/public/images/apps/588120/d75f5a6c0eb60a65b04a2d979af16c07d20b7224.jpg
187,Muffler 1 | Pink,$0.51,https://cdn.cloudflare.steamstatic.com/steamcommunity/public/images/apps/588120/d75f5a6c0eb60a65b04a2d979af16c07d20b7224.jpg
188,Starter 3 | Digital Purple,$0.69,https://cdn.cloudflare.steamstatic.com/steamcommunity/public/images/apps/588120/d75f5a6c0eb60a65b04a2d979af16c07d20b7224.jpg
189,Carburetor | Orange,$1.70,https://cdn.cloudflare.steamstatic.com/steamcommunity/public/images/apps/588120/d75f5a6c0eb60a65b04a2d979af16c07d20b7224.jpg
190,Starter 1 | Digital Pink,$0.42,https://cdn.cloudflare.steamstatic.com/steamcommunity/public/images/apps/588120/d75f5a6c0eb60a65b04a2d979af16c07d20b7224.jpg
191,Side Cover | Flame Blue,$1.10,https://cdn.cloudflare.steamstatic.com/steamcommunity/public/images/apps/588120/d75f5a6c0eb60a65b04a2d979af16c07d20b7224.jpg
192,Carburetor | Purple,$1.15,https://cdn.cloudflare.steamstatic.com/steamcommunity/public/images/apps/588120/d75f5a6c0eb60a65b04a2d979af16c07d20b7224.jpg
193,Starter 5 | Flame White,$21.96,https://cdn.cloudflare.steamstatic.com/steamcommunity/public/images/apps/588120/d75f5a6c0eb60a65b04a2d979af16c07d20b7224.jpg
194,Starter 2 | Swirl Pink,$63.37,https://cdn.cloudflare.steamstatic.com/steamcommunity/public/images/apps/588120/d75f5a6c0eb60a65b04a2d979af16c07d20b7224.jpg
195,Starter 3 | Swirl Purple,$165.31,https://cdn.cloudflare.steamstatic.com/steamcommunity/public/images/apps/588120/d75f5a6c0eb60a65b04a2d979af16c07d20b7224.jpg
196,Starter 1 | Digital Blue,$2.57,https://cdn.cloudflare.steamstatic.com/steamcommunity/public/images/apps/588120/d75f5a6c0eb60a65b04a2d979af16c07d20b7224.jpg
197,Side Cover | Digital Blue,$0.54,https://cdn.cloudflare.steamstatic.com/steamcommunity/public/images/apps/588120/d75f5a6c0eb60a65b04a2d979af16c07d20b7224.jpg
198,Starter 2 | Fluid Purple,$2.20,https://cdn.cloudflare.steamstatic.com/steamcommunity/public/images/apps/588120/d75f5a6c0eb60a65b04a2d979af16c07d20b7224.jpg
199,Starter 1 | Zebra Orange,$5.52,https://cdn.cloudflare.steamstatic.com/steamcommunity/public/images/apps/588120/d75f5a6c0eb60a65b04a2d979af16c07d20b7224.jpg
